reference_question,reference_answer,llm_answer,llm_context,answer_similarity
What key components are necessary to create a technology hub according to Paul Graham?,The key components to create a technology hub are rich people and nerds.,"According to Paul Graham, several key components are necessary to create a technology hub. First, the presence of 'rich people and nerds' is crucial as they are the primary actors in the startup ecosystem. Rich people provide the necessary capital, while nerds contribute the innovative ideas and technical expertise. Second, a first-rate university is essential, acting as a magnet to attract talented individuals from various locations. This university should ideally be comparable to top institutions like MIT or Stanford to foster a competitive and innovative environment. Third, an environment that encourages startups is vital. This includes having a community with a high density of people interested in startups, which facilitates chance meetings and collaborations that are often critical for startup success. Lastly, the overall atmosphere should be one that supports and encourages ambitious projects, rather than pulling individuals back toward mediocrity.",[],4.0
"What is the influence of geography on where great cities historically developed, and how has that changed in modern times?","Historically, great cities developed on waterways for economical trade, but in modern times, a great city can be established anywhere if it attracts the right people.","Historically, the development of great cities was heavily influenced by geography, primarily due to the necessity of trade routes and access to resources. Cities like Florence and Milan thrived due to their strategic locations on trade routes and their proximity to waterways, which were essential for transportation and commerce. This geographical advantage was a significant factor in their growth and prosperity, as it facilitated not only trade but also cultural and intellectual exchanges.

In modern times, the influence of geography on city development has diminished somewhat due to technological advancements. The rise of the internet and digital communication has lessened the importance of physical location, allowing people to connect and collaborate globally. This shift is evident in places like Silicon Valley, where the concentration of talent and innovative companies has created a new kind of hub that is less dependent on traditional geographical advantages. The key factors now include the presence of intellectual capital and the ability to attract skilled individuals.

Despite these changes, geography still plays a role in the development of cities, but its influence is now intertwined with other factors such as technology, policy, and access to capital. Cities that can combine these elements effectively continue to thrive and attract ambitious individuals. The evolution from a dependency on physical geography to a more complex interplay of various factors reflects the dynamic nature of urban development in the contemporary world.",[],4.0
How are people classified according to their degree and aggressiveness of conformism?,"People are classified into four types based on their degree and aggressiveness of conformism: aggressively conventional-minded, passively conventional-minded, passively independent-minded, and aggressively independent-minded.","People can be classified according to their degree and aggressiveness of conformism using a Cartesian coordinate system. This system has a horizontal axis that ranges from conventional-minded on the left to independent-minded on the right, and a vertical axis that ranges from passive at the bottom to aggressive at the top. The four resulting quadrants define four types of people: aggressively conventional-minded, passively conventional-minded, passively independent-minded, and aggressively independent-minded. Each type exhibits distinct behaviors and attitudes towards rules and conformity.

The aggressively conventional-minded individuals are often the enforcers of orthodoxy and societal norms. They not only believe that rules must be strictly followed but also feel that those who deviate should be punished. This group can be quite vocal and proactive in maintaining the status quo. On the other hand, the passively conventional-minded people are more inclined to follow rules without actively enforcing them on others, often concerned with societal perceptions and expectations.

In contrast, the passively independent-minded individuals tend to be less concerned with rules and are often unaware or indifferent to them. They are characterized by a more laid-back approach to societal norms. The aggressively independent-minded people challenge and question rules and norms, driven by a strong desire to explore and validate new ideas, often leading to innovation and change. This group is crucial in pushing the boundaries of thought and societal progress.",[],5.0
What is the main danger of restricting the discussion of certain ideas?,"Restricting the discussion of certain ideas is dangerous because it not only affects the topics targeted by the restrictions but also propagates back into any topic that yields implications in the forbidden areas, potentially stifling innovation and free thought.","The main danger of restricting the discussion of certain ideas lies in the stifling of intellectual freedom and the propagation of ignorance. When ideas are banned or censored, it not only limits the discussion on those specific topics but also impacts related fields, as ideas often have implications that stretch across different domains. This can lead to a subdued intellectual environment where people are cautious about exploring or discussing new concepts, ultimately hindering innovation and progress.

Moreover, the process of determining which ideas should be restricted is inherently flawed, often carried out by those who may not have the necessary wisdom or insight, leading to frequent errors. This can result in the suppression of potentially valuable ideas under the guise of protecting public sensibilities or moral values. The aggressive enforcement of conformity can create a competitive environment where individuals vie to outdo each other in orthodoxy, further exacerbating the problem.

Additionally, the suppression of ideas can foster a culture of intellectual conformity where heretical or unconventional thoughts are punished. This not only discourages individuals from thinking independently but can also lead to a societal regression where critical and innovative thinking is replaced by a rigid adherence to outdated or incorrect assumptions. Such environments are detrimental to both individual growth and societal advancement.",[],4.0
What was the long-term goal of Airbnb as explained to potential investors?,"Airbnb's long-term goal was to become the market in accommodation, similar to how eBay is for stuff.","Airbnb's long-term goal, as explained to potential investors, was to become the market leader in accommodations, similar to how eBay is for goods. This vision was articulated by Paul Graham in his communications with Fred Wilson, highlighting Airbnb's ambition to transform the accommodation sector akin to the transformation seen in the airline industry during the 1970s. This goal encompassed not just traditional bed and breakfasts but extended to short-term room rentals, second home rentals, and other similar classes of accommodations, aiming to create a significant market opportunity.",[],4.0
"In the early days, how were the Airbnb founders financing their startup?",The Airbnb founders initially funded themselves by selling breakfast cereal.,"In the early days, the Airbnb founders faced significant financial challenges and resorted to creative methods to finance their startup. They initially funded the company using credit cards, accumulating a binder full of maxed-out cards. This high-risk financial strategy underscored their commitment but also highlighted the precarious nature of their early operations. Additionally, they ingeniously funded themselves by selling Obama- and McCain-themed breakfast cereals during the 2008 U.S. presidential election. This not only provided them with necessary funds but also demonstrated their resourcefulness and ability to capitalize on current events to support their business.",[],4.0
What is the outcome of American companies letting focus groups design their cars?,"American cars continue to lose market share because the customer does not truly want what they think they want, and focus groups fail to capture the essence of good design that sophisticated buyers seek.","American companies that rely on focus groups to design their cars often face negative long-term consequences. This approach may initially seem to cater to consumer desires, but it ultimately fails to meet deeper, more sophisticated consumer expectations. Focus groups tend to emphasize superficial or trendy features, which can lead to designs that lack genuine innovation or aesthetic appeal. As a result, American cars continue to lose market share to competitors who prioritize good design and craftsmanship, such as Japanese car manufacturers. This shift in consumer preference is evident as even niche market segments, like sophisticated buyers, move away from American brands in favor of those that offer better-designed vehicles.",[],4.0
Why are software and movies successful in the United States despite the just do it approach?,"Software and movies are malleable mediums that benefit from boldness and the ability to quickly adapt during creation, which aligns well with the American ethos of speed and innovation.","The success of software and movies in the United States, despite the 'just do it' approach, can be attributed to several factors. Firstly, both industries thrive on rapid innovation and flexibility, which aligns well with the American ethos of boldness and speed. In software development, this approach allows for quick iterations and adaptations, which is crucial in a field where technology and user expectations evolve rapidly. Similarly, in the movie industry, the ability to quickly produce and adapt films enables creators to respond to market demands and cultural trends effectively.

Moreover, the 'just do it' mentality fosters a culture of creativity and experimentation, which is essential in both fields. In software, this leads to groundbreaking technologies and applications, as developers are encouraged to innovate without the fear of failure. In filmmaking, this results in diverse storytelling and cinematic techniques, which often set trends globally. The American film industry's capacity to produce a high volume of movies quickly also allows it to dominate globally, spreading American culture and values through its cinematic exports.

Additionally, both industries benefit from the presence of a robust infrastructure and a supportive ecosystem in the U.S. This includes world-class educational institutions, substantial investment, and a large, diverse market that is receptive to new ideas and products. The concentration of talent and resources in places like Silicon Valley for tech and Hollywood for movies creates synergies that further enhance innovation and productivity in these sectors.",[],5.0
What often happens to startups that turn down acquisition offers?,"Startups that turn down acquisition offers usually end up doing better, often receiving a bigger offer later or going for an IPO.","Startups that turn down acquisition offers often end up achieving greater success in the long run. This pattern is observed because rejecting an offer usually indicates that the founders are confident in their venture's potential and are willing to take greater risks for potentially higher rewards. For instance, companies like Google and Facebook, which had opportunities to sell early in their development, chose to continue independently and eventually reached significantly higher valuations. This decision to reject offers can lead to bigger offers or even successful IPOs, as the founders' boldness and vision for their company's future are validated over time.",[],5.0
Why do venture capitalists tend to be conservative when investing in startups?,"Venture capitalists are often conservative because the large size of their investments makes them cautious, they are investing other people's money which heightens their fear of making risky decisions, and many are not technical experts, so they don't fully understand the innovations behind the startups they invest in.","Venture capitalists often exhibit a conservative approach to investing in startups primarily due to the nature of managing other people's money, which instills a heightened sense of caution. They are wary of making risky investments that could potentially fail and lead to significant financial losses, thereby jeopardizing their reputation and accountability to investors. This conservative mindset is further compounded by the fact that most venture capitalists are not deeply technical but are rather more financially oriented, which can limit their ability to fully grasp the innovative potential of certain startups.

Another significant factor contributing to the conservative nature of venture capitalists is the influence of peer consensus within the VC community. Many venture capitalists rely heavily on the validation and approval of other investors before committing to a startup. This herd mentality can lead to missed opportunities, especially for truly innovative or disruptive ideas that do not yet have widespread acceptance. The fear of backing a failure that others avoided can overshadow the potential high rewards of a successful, albeit risky, investment.

The structure of venture capital firms and the expectations set by their investment strategies also play a crucial role in their conservative behavior. Since these firms often deal with large sums of money and aim to maximize returns on investments, they tend to favor startups that have already shown some traction and market validation rather than those at a very early conceptual stage. This gap in funding is often filled by angel investors, who are typically more willing to take on higher risks for potentially greater returns.",[],4.0
What is the fundamental reason there aren't more companies like Google?,"The fundamental reason there aren't more companies like Google is that the most innovative startups are undervalued by those with the funds, leading to a lack of sufficient early investment.","The fundamental reason there aren't more companies like Google primarily revolves around the valuation and support of innovative startups by venture capitalists (VCs) and investors. Many VCs are surprisingly conservative, often hesitant to fund truly innovative ideas unless they come with a certain level of assurance or from founders who are exceptionally persuasive. This conservatism stems from a preference for less risky investments, despite the potential for higher returns from groundbreaking ideas. Additionally, the startup ecosystem itself is challenging; many startups are acquired early in their lifecycle before they can grow independently to a scale similar to Google. This early acquisition often prevents them from realizing their full potential as independent innovators.",[],4.0
Why do some people believe that wealth should be distributed equally?,"Some people believe that wealth should be distributed equally because, as children, they see wealth as something given and thus feel it should be shared out similarly, rather than created and potentially created unequally.","The belief that wealth should be distributed equally often stems from a fundamental misunderstanding of how wealth is created and perceived, commonly referred to as the 'Daddy Model' of wealth. This model suggests that many people, especially from a young age, view wealth as a fixed resource that is distributed by a central authority, much like a parent distributes resources among children. This perspective leads to the assumption that if one person gains more wealth, it is at the expense of others, fostering a belief in the need for equal distribution to ensure fairness.

Additionally, historical contexts and societal structures have reinforced the idea that wealth should be equally distributed. For centuries, wealth was often accumulated through means such as conquest or exploitation, rather than through creation of value. This history influences contemporary views, making some people feel that wealth inequality is inherently linked to injustice and that redistributing wealth could correct historical wrongs.

Moreover, the visibility of extreme wealth disparities in society can intensify the call for equal distribution. When people see significant inequality, particularly when the wealthy appear to benefit from advantages such as tax loopholes or inheritances rather than their own productive efforts, it strengthens the belief that the economic system is unfair and that more equal distribution of wealth could be a remedy.",[],4.0
How does the creation of wealth differ from the accumulation of wealth through corrupt means historically?,"Historically, wealth accumulation often occurred through appropriation, whereas the creation of wealth became prominent with the rise of the middle class and the Industrial Revolution, where wealth was generated.","Historically, the creation of wealth has been fundamentally different from its accumulation through corrupt means. Wealth creation involves generating value by producing goods, services, or innovations that others are willing to pay for. This process is inherently productive and contributes to the overall economic growth and societal well-being. For instance, during the Industrial Revolution, the rise of the middle class and industrialists like Jobs and Wozniak exemplified wealth creation through innovation and entrepreneurship, which brought about widespread material benefits without impoverishing others.

In contrast, accumulating wealth through corrupt means typically involves unethical or illegal activities such as bribery, extortion, fraud, or exploiting power for personal gain. Historically, this form of wealth accumulation often did not contribute to societal welfare but rather concentrated resources in the hands of a few, often at the expense of the many. For example, in feudal societies and even in some modern contexts, wealth was often accumulated by appropriating resources through power, such as by confiscating land or engaging in rent-seeking behaviors that do not create new wealth but merely redistribute existing wealth.

The distinction between these two modes of wealth accumulation is also evident in their impact on society. Wealth creation, when linked to genuine productivity, tends to lead to broader economic development and can lift societies out of poverty. Conversely, wealth accumulated through corruption undermines trust in institutions, exacerbates inequality, and can lead to economic stagnation or decline. This is seen in the historical shift in societies that moved from corruption-driven economies to those where law and innovation fostered genuine wealth creation, leading to sustained economic growth and improved living standards.",[],4.0
What is the main constraint on the number of new startups in the US?,The main constraint on the number of new startups in the US is the immigration policy that doesn't allow potential startup founders to enter the country.,"The main constraint on the number of new startups in the US is not related to tax policy, employment law, or even regulations like Sarbanes-Oxley. Instead, it is primarily the restrictive immigration policies that limit the entry of potential startup founders into the country. Paul Graham highlights that by allowing more startup founders to enter the US, specifically suggesting a figure of 10,000 per year, there could be a significant increase in the number of startups, potentially adding around 2,500 new companies annually. These founders would not be taking jobs from Americans but rather creating new opportunities and jobs through the companies they establish.",[],5.0
How could the government identify whether a company qualifies as a startup for the purposes of a founder visa?,The government could use investment by recognized startup investors as a benchmark to determine whether a company is a real startup.,"To determine if a company qualifies as a startup for the purposes of a founder visa, the government could adopt a strategy similar to how they determine accredited educational institutions for student visas. They could establish an accreditation procedure that leverages the expertise of recognized startup investors. By using investment from these accredited investors as a criterion, the government can ensure that only genuine startups, which have been vetted by experienced investors, qualify for the founder visa. This method would not only streamline the process but also utilize the existing knowledge and networks within the startup ecosystem to identify potential startups.",[],4.0
How might allowing more startup founders into a country affect domestic employment?,It would likely lead to an increase in jobs because the companies started by these founders would hire more employees as they grow.,"Allowing more startup founders into a country could significantly boost domestic employment. As Paul Graham suggests, introducing a visa specifically for startup founders could lead to the creation of thousands of new companies each year. These startups would not only generate direct employment as they grow, but also create a multitude of indirect jobs through service demands and supply needs. Moreover, startups often drive innovation and technological advancements, leading to new industries and expansion of the job market in sectors that may not currently exist.

The introduction of more startup founders can also lead to a more dynamic economic environment. Startups are known for their agility and innovation, often leading to the development of new products and services that can stimulate additional economic activity. This can increase demand for a variety of job roles, from technical positions to administrative support, further enhancing employment opportunities. Additionally, as these companies grow, they contribute to a more robust economy, potentially attracting more investment and creating a positive cycle of growth and employment.

Furthermore, startups founded by immigrants can have a unique impact on the economy. Immigrant entrepreneurs bring diverse perspectives and skills, which can lead to the creation of novel business ideas that might not have been conceived by domestic entrepreneurs. This diversity can lead to increased creativity and innovation within the national business ecosystem, potentially positioning the country as a global leader in certain sectors. The success of these companies not only creates jobs but can also inspire more entrepreneurial activity among the domestic population.",[],5.0
Why are smaller organizations less concerned with credentials compared to larger ones?,"In smaller organizations, actual performance is more critical and visible, as the company's survival depends on it, hence they focus less on credentials and more on what individuals can actually do.","Smaller organizations prioritize performance over credentials because they operate in environments where immediate and tangible results are crucial for survival and growth. Unlike large organizations, which often rely on credentials as a proxy for predicting performance due to their complex hierarchies and the difficulty in measuring individual contributions directly, smaller entities can directly observe and evaluate the impact of an individual's work. This direct measurement of performance allows smaller companies to focus less on where a candidate went to school or what degrees they hold, and more on what they can actually do and achieve in real-world scenarios.

In the context of smaller organizations, especially startups, the agility to adapt and innovate quickly is more critical than the traditional prestige associated with educational credentials. These entities often face fierce competition and operate under resource constraints, making it essential to have team members who can perform effectively regardless of their educational background. This shift towards performance-based evaluation reflects a broader trend in the economy towards valuing actual skills and results, which is particularly pronounced in sectors like technology and entrepreneurship.

The cultural and operational dynamics of smaller organizations also contribute to their diminished emphasis on credentials. In a small company setting, every team member's contribution is visible and impactful, leading to a work environment that values practical skills and problem-solving abilities over formal qualifications. This environment naturally attracts and rewards individuals who are adaptable, skilled, and ready to contribute immediately, rather than those who merely present impressive credentials.",[],5.0
What should students focus on in college to become proficient hackers?,"Students should focus on getting very good at programming and learning a lot about specific, cool problems.","To become proficient hackers, students should focus on engaging deeply with programming and tackling specific, challenging problems. Paul Graham suggests that the best way to improve at programming is by working on hard problems, often through personal projects that go beyond class assignments. For instance, one of his friends significantly enhanced his skills by connecting Harvard to the Arpanet, a project driven by personal interest rather than academic requirements.

Students should also seek to learn from the best by surrounding themselves with competent peers and mentors. Engaging with smart individuals, such as professors who are deeply involved in their fields, can provide invaluable insights and opportunities for growth. Volunteering as a research assistant or participating in open-source projects are practical ways to develop skills that are directly applicable in the real world and highly valued by potential employers.

Moreover, exploring interdisciplinary fields can lead to innovative problem-solving skills and startup ideas. Students are encouraged to take classes outside their major areas or engage in jobs in unrelated fields during summer breaks. This exposure can help identify unique problems that software solutions can address, thereby fostering an entrepreneurial mindset essential for a hacker.

Finally, it's crucial for students to cultivate a genuine passion for hacking, as this drives sustained learning and creativity. Engaging with projects that they are truly passionate about, rather than just focusing on academic achievements, can lead to more profound expertise and fulfillment in their hacking endeavors.",[],5.0
What criteria can indicate whether a college professor's research is worth engaging with as a student?,"A professor's research may be worth engaging with if it covers interesting problems and is not simply aimed at achieving novel results in less competitive, thus less significant, areas.","Determining the worthiness of a college professor's research for student engagement can be guided by several criteria. First, the novelty and impact of the research are crucial; professors who publish novel results that contribute significantly to their field are often engaging in meaningful work. This is especially true in competitive areas where the drive to innovate is stronger. However, students should be cautious of research that seems novel only because it addresses topics that few others care about, as this might indicate a lack of broader relevance or impact.

Another important criterion is the professor's engagement with the academic community and their students. Professors who are actively involved in mentoring students, and who integrate their research with teaching, provide valuable learning opportunities. This hands-on involvement not only enhances understanding but also offers practical experience in applying theoretical knowledge. Additionally, the professor's reputation and the respect they command in their field can be a good indicator of the quality and importance of their research.

Lastly, the alignment of the research with students' interests and career goals should not be overlooked. Engaging with research that resonates with a student's academic passions and professional aspirations can be profoundly motivating and rewarding. This personal connection to the research can enhance both the learning experience and the outcomes of the student's own research endeavors.",[],4.0
What is one reason why startups should release their products early?,To get user feedback and improve based on their reactions.,"One compelling reason for startups to release their products early is to engage directly with users and gather valuable feedback that can guide further development. By launching a minimal viable product, startups can learn from user reactions and adapt quickly. This approach not only helps in refining the product but also in identifying and fixing any critical issues early on. For instance, Wufoo released their form-builder before the underlying database was fully functional, which allowed them to receive and incorporate user feedback about excessive use of Flash by Linux users, leading to significant software improvements.",[],5.0
How can a startup demonstrate the value of their site to new visitors?,A startup should succinctly explain what their site is about and try to showcase impressive elements on the front page.,"To demonstrate the value of their site to new visitors, startups should focus on clarity and immediate engagement. It's crucial to explain succinctly what the site is about, avoiding jargon and overly complex descriptions that might alienate new users. For instance, rather than using vague terms like 'enterprise content management solutions,' a startup should clearly state that they help businesses organize and secure their digital documents, which speeds up operations and reduces risks.

Startups should also prioritize showing rather than telling. This means placing the most impressive or unique features of the site right on the front page. By doing so, they can capture the interest of visitors quickly, encouraging them to explore further. Demonstrating the site's utility through direct interaction, such as a guided tour or interactive demo on the homepage, can effectively convert casual visitors into regular users.

Moreover, it's important for startups to address the needs and expectations of their users from the first interaction. This involves designing the site to be user-friendly and avoiding common pitfalls like forced registrations or intrusive advertisements. By respecting the visitor's time and intelligence, and by providing a seamless and enriching experience, startups can foster trust and interest, which are crucial for converting visitors into loyal users.",[],5.0
How does a wealth tax differ from income tax in terms of its application to assets or income?,"A wealth tax is applied to the same asset repeatedly over time, while income tax is only applied to the income of that particular year.","A wealth tax and an income tax differ significantly in their application to an individual's finances. A wealth tax is levied annually on the total value of all assets owned by an individual, exceeding a certain threshold. This means it includes everything from stocks, real estate, to other investments, and it is applied regardless of whether these assets generate income. In contrast, an income tax is only applied to the money earned in a given year, such as wages, business income, and interest from investments. This fundamental difference means that a wealth tax can affect the same assets repeatedly over the years, compounding its impact, whereas income tax is only concerned with the income generated in a specific tax year.",[],5.0
What are the three types of procrastination?,"The three types of procrastination are working on (a) nothing, (b) something less important, or (c) something more important.","Procrastination can be categorized into three types according to Paul Graham's essay. Type A procrastination involves doing nothing instead of working on something important. Type B procrastination is when someone works on less important tasks, giving the illusion of productivity but ultimately avoiding more critical work. Type C procrastination, which Graham considers 'good' procrastination, occurs when individuals delay smaller tasks to focus on more significant, impactful work. This type is often seen in highly creative or thoughtful individuals who prioritize major projects over everyday errands.",[],5.0
How can the practice of working only on urgent small tasks be misleading in terms of productivity?,"Concentrating on small, urgent tasks might feel like productivity, but it can be misleading if it keeps one from engaging with more significant or impactful work.","Focusing solely on urgent small tasks can be misleading in terms of productivity because it often leads to a cycle of short-term completion without addressing larger, potentially more impactful projects. This approach, while providing immediate gratification and a sense of accomplishment, can prevent engagement with complex problems that require more time and effort but could yield greater rewards. The allure of quick tasks can overshadow the importance of strategic, long-term planning and development, ultimately limiting personal and professional growth.

Moreover, this practice can contribute to a deceptive sense of productivity where one feels busy and productive but may actually be engaging in what's known as 'type-B procrastination'—focusing on less important tasks while neglecting those that are crucial but not urgent. This can lead to a stagnation of skills and knowledge, as the most significant learning and development often occur through tackling challenging and sizable projects. The habit of only addressing small tasks can also prevent the development of perseverance and problem-solving skills needed for larger endeavors.

Additionally, the constant focus on small, urgent tasks can create a stressful work environment where one is always reacting to immediate needs rather than proactively working on meaningful projects. This reactive mode can hinder creativity and innovation, which are typically fostered in more thoughtfully paced, reflective work settings. Without the opportunity to engage deeply with complex issues, individuals may find their work less satisfying and their professional progress impeded.",[],5.0
What is an example of a mistake that startup founders might make when choosing an idea for their business?,"Founders may hastily choose the first idea that comes to mind without thoroughly considering if it's something that people actually need or will pay for, resulting in a poor business idea.","One significant mistake startup founders often make when choosing an idea for their business is focusing on problems that do not actually exist or are not significant enough to warrant a business solution. This error stems from the common practice of trying to think up startup ideas in isolation rather than identifying genuine problems that need solving. For instance, a founder might spend time and resources developing a social network for pet owners without verifying if there's a real demand or necessity for such a platform. This approach can lead to investing in ideas that sound plausible but ultimately do not meet a real market need, resulting in wasted effort and potential failure.",[],5.0
What industries do Los Angeles and New York specialize in according to Paul Graham?,"Los Angeles specializes in movies, and New York specializes in finance.","According to Paul Graham, Los Angeles specializes in the movie industry, while New York specializes in finance. He notes that certain cities become centers for specific types of ambition, with Los Angeles being a hub for fame and the film industry, and New York being a major center for financial activities.",[],5.0
What factors contributed to Silicon Valley and Seattle becoming major tech centers?,"Silicon Valley became a tech center because William Shockley wanted to move back to Palo Alto and the experts he lured west liked it so much they stayed, while Seattle became a tech center because Gates and Allen wanted to move back home.","Silicon Valley and Seattle became major tech centers due to a combination of historical decisions, geographical advantages, and cultural factors. Silicon Valley's origins trace back to William Shockley, who established Shockley Semiconductor in Palo Alto, largely because he had grown up there and appreciated the area's qualities. This move inadvertently set the stage for the region's future in technology. The departure of the 'traitorous eight' from Shockley to form Fairchild Semiconductor further seeded the area with tech talent, leading to a self-sustaining cycle of tech innovation and startup culture.

Seattle's rise as a tech center is closely linked to the personal decisions of Bill Gates and Paul Allen to relocate Microsoft back to their hometown. This move brought significant tech focus to the area. Additionally, the presence of a major research institution like the University of Washington helped cultivate a local pool of tech talent and innovation, further establishing Seattle's status as a tech hub.

Both regions benefited from the presence of high-quality universities and research institutions, which not only provided a steady stream of talent but also fostered an environment conducive to technological innovation and entrepreneurship. Moreover, these areas offered attractive living conditions and were seen as desirable places to live, which helped retain and attract skilled professionals.

Cultural factors also played a significant role. Silicon Valley and Seattle both maintained liberal, open-minded environments that were tolerant of new ideas and unconventional thinking, a critical ingredient for fostering innovation. This cultural aspect, combined with the economic and structural support for startups, created a fertile ground for the growth of tech industries in these regions.",[],4.0
Why do startups not spread as quickly and widely as industrialization did historically?,"Startups do not spread as efficiently because they are more of a social phenomenon and don't rely on geography, needing a community of expertise, unlike how individual European manufacturers could import industrial techniques and they would work fine.","Startups do not spread as quickly and widely as industrialization due to several key factors. Firstly, startups are more of a social than a technical phenomenon, requiring a specific cultural and entrepreneurial ecosystem to thrive, which is not universally present. Unlike industrial techniques that could be adopted directly in any region with the necessary resources and economic conditions, startups depend heavily on local attitudes towards innovation and risk, as well as access to venture capital and expertise. This makes them less geographically flexible and more concentrated in areas like Silicon Valley.

Additionally, the nature of startups, which often disrupt existing social and economic structures, makes them less likely to be embraced in regions that value stability and hierarchy. This contrasts with the Industrial Revolution, which aligned well with the existing larger organizational structures like the military and civil service, making it easier to integrate into different societies. The spread of startups is also not driven by the same economic necessities that drove the spread of industrial technologies, such as steam engines, which were essential for economic development in their time.

Moreover, the spread of startups is hindered by the lack of a pressing, universal need for their presence across different regions, unlike historical industrial innovations that filled critical economic roles. Startups often cater to niche markets or create entirely new markets, which does not necessarily translate into a widespread demand. The localized nature of startup ecosystems, heavily reliant on specific local knowledge, networks, and cultural factors, further limits their rapid dissemination globally.",[],4.0
What prompted some readers to want to understand the specific technical advantages of using Lisp in Viaweb?,"A link to ""Beating the Averages"" being posted on Slashdot incited readers' curiosity.","The interest in the specific technical advantages of using Lisp in Viaweb was sparked after a link to Paul Graham's article 'Beating the Averages' was posted on Slashdot. This exposure led to a surge in readership, many of whom were intrigued by the mention of Lisp and its role in the success of Viaweb. They wanted more detailed insights into how Lisp contributed technically to the project, beyond the general praise it received in the article.",[],5.0
In what month and year was the talk regarding Lisp for web-based applications given?,The talk was given in April 2001.,The talk regarding Lisp for web-based applications was given in April 2001.,[],5.0
What is meant by the concept of 'alien truth'?,"'Alien truth' refers to the most general truths that humans could share with any form of intelligent life, going beyond the realms of math or physics.","The concept of 'alien truth' refers to the idea that there are certain truths or principles that would be universally recognized by any form of intelligent life, not just humans. These truths transcend cultural and species-specific boundaries, encompassing fundamental aspects such as mathematics, physics, and possibly broader principles like justice or the utility of controlled experiments. The notion suggests that if a truth is indeed universal, it could potentially be shared with or understood by extraterrestrial intelligences. This concept serves as a philosophical target for identifying the most general truths that are not only applicable to human understanding but could also resonate with other intelligent entities across the cosmos.",[],5.0
"What do people generally refer to when they talk about ""ramen profitability"" in the context of startups?",Ramen profitability refers to a startup being able to make enough money to cover the founders' basic living expenses if they live frugally on ramen noodles.,"Ramen profitability refers to a startup reaching a level of financial self-sufficiency where it can cover the basic living expenses of its founders, typically through minimal revenue. This concept, popularized by Y Combinator, emphasizes survival in the early stages without relying heavily on external funding. The term derives from the notion of founders living frugally, akin to subsisting on inexpensive ramen noodles. Achieving this state allows a startup to operate independently of investor influence, providing the freedom to focus on growth and product development without the immediate pressure to secure additional funds.",[],5.0
What was Airbnb's monthly financial goal to achieve ramen profitability during their time at Y Combinator?,Airbnb's financial goal for ramen profitability was to earn $4000 a month.,Airbnb's monthly financial goal to achieve ramen profitability during their time at Y Combinator was $4000 a month. This amount was calculated with $3500 allocated for rent and $500 for food.,[],5.0
What was the fundamental economic issue that made Yahoo's valuations during the Internet Bubble period seem unreasonable?,"Yahoo's valuation was inflated due to its role at the center of a Ponzi-like scheme, where capital investment in startups was rapidly funneled back into Yahoo as advertising, artificially inflating its earnings.","During the Internet Bubble, Yahoo's valuations appeared unreasonable primarily due to their involvement in what resembled a Ponzi scheme, albeit unintentionally. The company's earnings were significantly inflated by investments from new startups, which spent large sums on advertising with Yahoo. This cycle of investment and spending led to artificially high earnings for Yahoo, which in turn attracted more investments, perpetuating the cycle. This situation created a misleading representation of Yahoo's actual financial health and profitability, leading to highly inflated stock prices that did not accurately reflect the company's underlying value.",[],4.0
"What is the concept of ""retail VC"" as it relates to public markets and startups?",Retail VC is the idea of taking a company public in its early stages to raise funds from the public markets instead of seeking venture capital firms for the last round of funding.,"The concept of 'retail VC' refers to the practice of taking a company public at an early stage, essentially using the public markets as a form of venture capital. Traditionally, startups would seek funding from venture capital firms, but with retail VC, the public market serves as the investor. This approach allows startups to access a broader pool of capital without relying solely on venture capitalists. While this can provide the necessary funds for growth, it also exposes the company to the volatility of public markets and the pressures of public scrutiny.",[],4.0
What is considered the most important quality in startup founders?,Determination is considered the most important quality in startup founders.,"The most important quality in startup founders, as emphasized repeatedly across various insights from experienced entrepreneurs and investors, is determination. This quality surpasses even intelligence in its critical role for startup success. Determination enables founders to persist through the numerous challenges and obstacles that inevitably arise in the startup journey. It's not merely about having a great idea or superior intellect; it's the relentless drive to see the idea through to fruition and adapt along the way that sets successful founders apart.",[],5.0
Why is flexibility important for those leading a startup?,Flexibility is crucial because the unpredictable nature of startups requires leaders to modify their approaches and ideas as conditions change.,"Flexibility is crucial for startup leaders because the startup environment is inherently unpredictable and dynamic. Founders must be able to pivot their strategies and business models in response to new information, market feedback, and emerging opportunities. For instance, Daniel Gross demonstrated exceptional flexibility by shifting from an initial e-commerce idea to founding Greplin, adapting his vision to align with investor feedback and market potential. This ability to modify plans, sometimes drastically, allows startups to navigate the complex landscape of technological and market changes, thereby increasing their chances of success.

Moreover, flexibility in a startup context often involves blending determination with the ability to reassess and change direction when necessary. This is akin to a running back in football who is determined to advance down the field but must remain agile, ready to change direction to avoid obstacles and capitalize on openings. Such flexibility enables startup leaders to persevere through challenges while remaining open to exploring alternative paths or strategies that may prove more viable as the startup evolves.

Additionally, the startup world's high rate of failure and the frequent occurrence of unforeseen challenges demand that founders maintain flexibility not just in business strategies but also in problem-solving and innovation. The capacity to think creatively and adapt ideas that might initially seem unfeasible is often what differentiates successful startups from those that fail. This creative adaptability was evident when Airbnb's founders, initially perceived as having a 'crazy' idea, adapted their approach to convince investors and eventually succeeded by leveraging their unique strengths and the novelty of their concept.",[],5.0
What type of intelligence is particularly valuable in the startup world?,"Imagination is the type of intelligence that is most valuable, as it allows for the creation of surprising new ideas which may initially seem unconventional.","In the startup world, the type of intelligence that is particularly valuable is not merely the ability to solve predefined problems quickly, but rather the capacity for imagination. This form of intelligence enables individuals to conceive surprising and innovative ideas that initially might seem implausible or unconventional. For instance, the concept of Airbnb, which involved people staying in strangers' homes, appeared too radical at first but proved to be a groundbreaking idea in the hospitality industry.

Moreover, the ability to adapt and modify one's approach in response to changing circumstances and new information is crucial. This flexibility, combined with determination, is exemplified by founders like Daniel Gross of Greplin, who shifted his business focus multiple times before finding success. Such adaptability allows startup founders to navigate the unpredictable landscape of new ventures effectively.",[],5.0
"What is the benefit of making it to ""ramen profitability"" before actively seeking investors for a startup?","Achieving ""ramen profitability"" strengthens a startup's position by showing it can succeed regardless of external funding, which makes the company more attractive to investors and reduces the appearance of desperation.","Reaching 'ramen profitability'—where a startup earns just enough to cover the founders' living expenses—offers several strategic advantages before seeking active investment. Firstly, it demonstrates to potential investors that the startup has a viable business model and can generate revenue, which is a critical proof of concept. This viability makes the startup more attractive and can lead to better terms in investment negotiations because it reduces the desperation for immediate funds, allowing founders to negotiate from a position of strength.

Additionally, being ramen profitable enhances the morale and commitment within the startup team. Achieving this level of self-sufficiency validates the business and its market potential, making the venture feel more tangible and real to its founders. This psychological boost is invaluable as it sustains the team's motivation and focus, crucial for navigating the challenging early stages of a startup.

Moreover, reaching this stage allows founders to maintain greater control over their company's direction and pace. Without the immediate pressure to secure external funding, founders can focus on refining their product and business model. This focus can lead to more organic growth and a better-aligned vision, ultimately making the startup more sustainable and aligned with the founders' original intentions and goals.",[],5.0
What are the two senses in which work can be considered one's own?,"Work can be considered one's own if it is being done voluntarily rather than because someone told you to do it, and if it is being done by oneself.","Work can be considered one's own in two distinct senses. Firstly, it can be seen as something done voluntarily, not merely because someone else has instructed it. This sense emphasizes personal choice and ownership over the tasks or projects undertaken, regardless of external directives. Secondly, work can be one's own if it is done independently, without the direct involvement of others. This aspect focuses on the individual's contribution and control over the work, allowing for a personal touch and unique input, although it can gradually blend into collaborative efforts.",[],5.0
What is one attribute that has contributed to investor Ron Conway's success in the startup world?,"Being genuinely good has contributed to Ron Conway's success, as it has led to numerous deal referrals.","One attribute that has significantly contributed to Ron Conway's success as an investor in the startup world is his genuine benevolence and good nature. His reputation for being a good person has led to numerous deal referrals from influential figures within the industry, such as Evan Williams. This positive reputation is not just about appearing trustworthy; it's about actually being a genuinely good person, which has become increasingly important in the transparent and unpredictable nature of the startup environment. His approach of being consistently good to everyone, without being two-faced, has allowed him to thrive and become a central figure in Silicon Valley's investment scene.",[],5.0
How has increased transparency in the startup world affected investor behavior?,"Increased transparency makes it difficult for investors to maltreat founders without it becoming known to others, which can lead to the loss of potential deals.","Increased transparency in the startup world has significantly influenced investor behavior, fostering a more ethical and consistent approach. As transparency becomes more prevalent, investors are finding it harder to maintain a facade of benevolence without genuinely acting in the best interests of founders. This shift is driven by the rapid dissemination of information among founders, making it crucial for investors to maintain a good reputation to secure future deals. The unpredictability of the startup landscape means that today's random college kid could be tomorrow's tech mogul, necessitating a uniformly respectful and supportive approach from investors towards all potential founders.

This environment of openness has also led to a more data-driven approach to investing. Platforms like Y Combinator aggregate extensive data from numerous startups, providing a comprehensive view of investor behavior and its impacts. This data not only helps in identifying trends but also holds investors accountable, pushing them towards more principled practices. The correlation between investor benevolence and successful returns is becoming clearer, encouraging investors to act more ethically not just out of moral obligation but as a strategic business decision.

Moreover, the increased transparency and rapid exchange of information have catalyzed a shift towards a more founder-friendly investment landscape. Investors are increasingly required to make quicker decisions and offer more favorable terms upfront due to the competitive nature of startup investing. This shift is reducing the prevalence of practices like tranched deals, which have traditionally put founders at a disadvantage, and is promoting a more equitable power dynamic between investors and founders.",[],4.0
Why might unpredictable conditions in an industry necessitate consistent good behavior from its professionals?,"Unpredictability in an industry increases the difficulty of being inconsistent because you never know who will become important, therefore to be safe, you need to treat everyone well.","Unpredictable conditions in an industry, such as the rapidly changing startup world, necessitate consistent good behavior from its professionals primarily because the future impact of current interactions is uncertain. In such environments, the person you meet today could be a significant figure tomorrow, making it risky to behave inconsistently or unethically. This unpredictability forces professionals to maintain a uniformly positive and ethical demeanor, as failing to do so could lead to missed opportunities or damaged reputations when today's contacts rise to prominence.

Moreover, in industries characterized by high unpredictability and connectivity, like startups, news of bad behavior spreads quickly and can severely damage a professional's career. Investors or other stakeholders who mistreat or deceive others may find themselves isolated as word of their actions spreads within the tightly-knit community. This transparency acts as a deterrent against unethical behavior, encouraging professionals to adopt a consistently good conduct to safeguard their reputation and ensure continued opportunities.",[],5.0
What was the primary reason Jerry Yang from Yahoo was uninterested in the Revenue Loop technology?,Jerry Yang was uninterested because advertisers were already overpaying for traffic.,"The primary reason Jerry Yang from Yahoo was uninterested in the Revenue Loop technology was that Yahoo was already making substantial revenue from overpriced banner ads, which were the main source of income at the time. Advertisers were paying significantly more than the actual value of the traffic, which meant that adopting Revenue Loop, which aimed to maximize revenue by sorting search results based on a combination of bid amount and user purchasing behavior, would potentially reduce Yahoo's income. This was because Revenue Loop would only extract the actual value of the traffic, rather than capitalizing on the inflated prices advertisers were willing to pay.",[],4.0
Why was it hard for Yahoo to take search seriously as a business model?,Yahoo found it difficult to focus on search because they were preoccupied with the substantial income they were receiving from banner ads.,"Yahoo struggled to prioritize search as a business model primarily due to its substantial revenue from banner ads and its identity as a media company rather than a technology company. The influx of easy money from banner ads, which advertisers overpaid for, made it challenging for Yahoo to recognize the long-term value of search traffic. This financial success created a significant barrier to innovation and adaptation, as the immediate profits from banner ads overshadowed the potential of search-based advertising.

Additionally, Yahoo's corporate culture and identity further complicated its approach to search. From its inception, Yahoo harbored an ambivalence about being a technology company, which was evident in its self-identification as a media company. This identity was deeply ingrained in its operations and strategy, influencing how it prioritized projects and allocated resources. The focus on being a media company led to a lack of serious investment in technology and innovation, particularly in the area of search, which was not seen as crucial to their business model at the time.

Moreover, the fear of competition, particularly from dominant players like Microsoft, influenced Yahoo's strategic decisions. This fear led Yahoo to position itself more as a media company, possibly to avoid direct competition with technology giants, which inadvertently weakened its competitive edge in search technology. The company's reluctance to embrace a hacker-centric culture, unlike its competitors such as Google, further hindered its ability to innovate and improve its search technology, leaving it lagging behind in a rapidly evolving digital landscape.",[],4.0
What is the supposed advantage for a company to write its software in a less common programming language like Python according to Paul Graham?,"The advantage is that the company can hire better programmers, because such a language attracts those who are passionate enough about programming to learn it on their own.","According to Paul Graham, the advantage for a company to write its software in a less common programming language like Python lies in the quality of programmers it attracts. Graham argues that Python, being a less mainstream choice, tends to attract programmers who are passionate about coding and not just looking for a job. These programmers are likely to be more innovative and dedicated, which can lead to the development of superior software. This phenomenon, which he refers to as the 'Python Paradox,' suggests that by using a language not learned merely for job prospects, companies can secure a more talented and enthusiastic workforce.",[],5.0
What should be the perceived improvement in a startup's average outcome for an investment to be considered beneficial when giving up 7% equity?,The investment should be considered beneficial if it improves the startup's average outcome by more than 7.5%.,"For an investment to be considered beneficial when giving up 7% equity, the perceived improvement in the startup's average outcome should be more than 7.5%. This calculation is based on the equity equation formula, where if Y Combinator, for example, offers to fund a startup in return for 7% of the company, the startup should accept the deal if they believe the investment will improve their average outcome by more than 7.5%. This ensures that the remaining 93% of the company the founders hold is worth more than the entire company was before the investment.",[],5.0
How much does Sequoia Capital typically invest in a company in terms of percentage?,Sequoia Capital typically invests about 30% in a company.,"Sequoia Capital typically invests in a way that they take about 30% of a company. This substantial stake reflects their confidence in the potential of the startups they choose to fund, considering they receive around 6000 business plans annually but only fund about 20 of them.",[],5.0
What is a quality that successful scientists and investors share?,Successful scientists and investors both need to have ideas that are correct and novel.,"A quality that successful scientists and investors share is the ability to think independently and offer novel insights. As highlighted by Paul Graham, both roles require individuals not only to be correct in their assertions but also to present ideas that are new and not yet realized by others. This independent thinking enables scientists to make groundbreaking discoveries and allows investors to identify lucrative opportunities that others might overlook.",[],4.0
What is the main reason startups are advised not to worry about infringing patents?,"Startups are too poor to be worth suing for money, and established competitors rarely sue them.","Startups are advised not to worry about infringing patents primarily because they are generally not the targets of patent lawsuits due to their financial status and the nature of their business. Startups typically do not have substantial financial resources, making them unattractive targets for patent lawsuits which are often motivated by financial gains. Furthermore, startups are usually too small to pose a competitive threat to established companies, which are the entities most likely to enforce patents. The advice given to startups is to focus on innovation and growth rather than the potential legal entanglements of patent infringement.",[],5.0
What are the two most important things to understand about startup investing?,The two most important things to understand are that almost all returns are concentrated in a few big winners and that the best ideas initially look like bad ideas.,"The two most crucial aspects to understand about startup investing are that nearly all the returns are concentrated in a few big winners, and that the best ideas often initially appear to be bad ideas. This concentration of returns means that a small number of successful companies, like Dropbox and Airbnb in the case of Y Combinator, can account for the majority of the value created by an entire investment portfolio. Furthermore, the counterintuitive nature of successful startup ideas requires investors to be intellectual contrarians, capable of recognizing the potential in ideas that most would dismiss.",[],5.0
Why is it difficult for investors to grasp the magnitude of success possible with startups?,"It is difficult because the big winners in startup investing can be big to a degree that violates our normal expectations about variation, leading to 1000x variation in outcomes, which most people are not prepared for.","Investors often struggle to grasp the magnitude of success possible with startups due to the highly counterintuitive nature of startup investing. As Paul Graham notes, the returns from startup investments are not distributed normally but are heavily skewed towards a few big winners, such as Dropbox and Airbnb, which can skew expectations and make it difficult to predict success accurately. This extreme variation in outcomes is something that even experienced investors find challenging to internalize and act upon rationally.

Another reason is the rarity of these massive successes. The startup landscape follows a power law distribution where the vast majority of startups do not return significant profits, while a tiny fraction yields exceptionally high returns. This creates a binary view of success among investors, who may focus only on whether a startup could be one of the few outliers, rather than on a more nuanced assessment of its potential. This 'all or nothing' outlook complicates their ability to evaluate the vast majority of startups realistically.

Moreover, the startup environment itself is inherently risky and unpredictable. Investors face a constant battle between their intellectual understanding of the market and their intuitive reactions to potential investments. The challenge of overcoming these instincts and embracing sufficient risk, as highlighted by Graham, adds another layer of difficulty in recognizing and acting on potential high-magnitude successes.",[],4.0
What is the main reason for the increasing number of startups according to Paul Graham?,The main reason for the increasing number of startups is that it has become cheaper to start web startups.,"Paul Graham identifies several reasons for the increasing number of startups. Primarily, the cost of starting a startup has dramatically decreased, making it more accessible for more individuals to embark on creating their own companies without the need for substantial initial investment. This democratization of startup creation is further facilitated by technological advancements and the proliferation of resources and tools that simplify the startup process. Additionally, the cultural shift towards entrepreneurship and the success stories of startups have lowered the psychological barriers, encouraging more people to consider this path.",[],4.0
How might the attitude of big companies towards acquisitions change in the future?,Big companies might start to develop standardized procedures making acquisitions almost as simple as hiring someone.,"The attitude of big companies towards acquisitions is likely to evolve significantly in the coming years. As the volume of startups increases, there will be a shift towards more standardized procedures for acquisitions, making the process as routine as hiring new staff. This trend is partly driven by the need to integrate new technologies and talent more efficiently into larger corporations. Companies like Google have already started to streamline their acquisition processes, setting a precedent that others may follow to reduce the stigma and inefficiencies traditionally associated with acquisitions.

Furthermore, big companies are expected to become more proactive in their acquisition strategies. Instead of waiting for startups to reach a high valuation, there is a growing realization that acquiring them early can be much more cost-effective. This approach not only saves money but also integrates fresh, innovative teams before their market value inflates. This strategy aligns with the increasing competition among big companies to harness novel technologies and maintain a competitive edge in rapidly evolving industries.

There is also an anticipated improvement in the judgment skills of those responsible for acquisitions. As the number of startups grows exponentially, the ability to discern and select valuable acquisitions becomes crucial. We might see roles such as Chief Acquisition Officers becoming common, blending technical expertise with strategic acquisition goals. This would streamline the process and potentially reduce the occurrences of overpaying for acquisitions due to poor timing or judgment.",[],4.0
What change in founders' behavior might occur if it becomes more common to start a startup immediately after college?,Students may focus on collaborating with peers they want as cofounders instead of securing internships at established companies.,"If starting a startup immediately after college becomes more common, several behavioral changes among founders can be anticipated. Firstly, the approach to education may shift significantly. Students might prioritize networking and collaborating with potential co-founders over traditional academic achievements, such as securing top grades or prestigious internships. This could lead to a more entrepreneurial atmosphere on campuses, with students engaging more actively in practical learning experiences and innovation-driven projects.

Additionally, the risk tolerance among young founders is likely to increase. With the normalization of starting businesses right after college, the stigma associated with potential failure could diminish. This environment would encourage more graduates to pursue original ideas and experiment with new business models without the fear of jeopardizing their career prospects. In fact, even failed startup attempts might be viewed as valuable learning experiences, enhancing employability in the tech industry.

Moreover, the financial strategies of these young entrepreneurs might evolve. With limited resources and the need to manage costs effectively, founders might lean towards bootstrapping their startups or seeking funding options that allow greater control over their ventures. This could lead to a surge in innovation as founders focus on creating value with minimal resources, potentially leading to more disruptive businesses emerging from this new generation of entrepreneurs.",[],3.0
